[
    {
        "timestamp": "2025-10-18T07:18:32.446476",
        "new_baseline_path": "data/processed/train.csv",
        "rows": 2700,
        "columns": [
            "Date",
            "Machine_ID",
            "Load_cells",
            "Hydraulic_Pressure(bar)",
            "Coolant_Pressure(bar)",
            "Air_System_Pressure(bar)",
            "Coolant_Temperature(\u00b0C)",
            "Hydraulic_Oil_Temperature(\u00b0C)",
            "Proximity_sensors",
            "Spindle_Vibration(\u00b5m)",
            "Tool_Vibration(\u00b5m)",
            "Spindle_Speed(RPM)",
            "Voltage(volts)",
            "Torque",
            "Cutting_Force(kN)",
            "Downtime"
        ],
        "drift_score": 0.46
    }
]