[
    {
        "timestamp": "2025-10-18 07:04:28",
        "dataset": "high",
        "drift_share": 0.462,
        "drifted_columns": 6,
        "total_columns": 16
    },
    {
        "timestamp": "2025-10-18 07:04:30",
        "dataset": "low",
        "drift_share": 0.0,
        "drifted_columns": 0,
        "total_columns": 16
    },
    {
        "timestamp": "2025-10-18 07:04:33",
        "dataset": "mid",
        "drift_share": 0.231,
        "drifted_columns": 3,
        "total_columns": 16
    },
    {
        "timestamp": "2025-10-18 07:05:04",
        "dataset": "high",
        "drift_share": 0.462,
        "drifted_columns": 6,
        "total_columns": 16
    },
    {
        "timestamp": "2025-10-18 07:05:08",
        "dataset": "low",
        "drift_share": 0.0,
        "drifted_columns": 0,
        "total_columns": 16
    },
    {
        "timestamp": "2025-10-18 07:05:11",
        "dataset": "mid",
        "drift_share": 0.231,
        "drifted_columns": 3,
        "total_columns": 16
    },
    {
        "timestamp": "2025-10-18 07:18:21",
        "dataset": "low",
        "drift_share": 0.0,
        "drifted_columns": 0,
        "total_columns": 16
    },
    {
        "timestamp": "2025-10-18 07:18:25",
        "dataset": "mid",
        "drift_share": 0.231,
        "drifted_columns": 3,
        "total_columns": 16
    },
    {
        "timestamp": "2025-10-18 07:18:29",
        "dataset": "high",
        "drift_share": 0.462,
        "drifted_columns": 6,
        "total_columns": 16
    },
    {
        "timestamp": "2025-10-18 07:22:40",
        "dataset": "low",
        "drift_share": 0.462,
        "drifted_columns": 6,
        "total_columns": 15
    },
    {
        "timestamp": "2025-10-18 07:23:24",
        "dataset": "low",
        "drift_share": 0.0,
        "drifted_columns": 0,
        "total_columns": 15
    },
    {
        "timestamp": "2025-10-18 07:23:29",
        "dataset": "mid",
        "drift_share": 0.154,
        "drifted_columns": 2,
        "total_columns": 15
    },
    {
        "timestamp": "2025-10-18 07:23:33",
        "dataset": "high",
        "drift_share": 0.462,
        "drifted_columns": 6,
        "total_columns": 15
    },
    {
        "timestamp": "2025-10-18 07:28:20",
        "dataset": "low",
        "drift_share": 0.462,
        "drifted_columns": 6,
        "total_columns": 15
    },
    {
        "timestamp": "2025-10-18 07:28:38",
        "dataset": "low",
        "drift_share": 0.0,
        "drifted_columns": 0,
        "total_columns": 15
    },
    {
        "timestamp": "2025-10-18 07:28:43",
        "dataset": "mid",
        "drift_share": 0.154,
        "drifted_columns": 2,
        "total_columns": 15
    },
    {
        "timestamp": "2025-10-18 07:28:48",
        "dataset": "high",
        "drift_share": 0.462,
        "drifted_columns": 6,
        "total_columns": 15
    }
]